bin_lower,bin_upper,mean_predicted,empirical,count,gap
0.5,0.6,0.5194182847161792,0.125,8,-0.39441828471617923
0.8,0.9,0.8951420310803954,1.0,4,0.10485796891960464
0.9,1.0,0.9633979160209154,1.0,8,0.0366020839790846
