bin_lower,bin_upper,mean_predicted,empirical,count,gap
0.5,0.6,0.5200828818234627,0.0,7,-0.5200828818234627
0.7,0.8,0.7848186612406692,0.0,9,-0.7848186612406692
0.8,0.9,0.8951602995526242,1.0,3,0.10483970044737578
0.9,1.0,0.9602799623331142,1.0,19,0.03972003766688581
