{
  "n": 19,
  "mean_recall": 0.9533831428602456,
  "mean_reworded_acc": 0.7631578947368421,
  "gap": 0.19022524812340347,
  "gap_lo": -0.2941055021186926,
  "gap_hi": 0.9735706892673736,
  "gap_stdev": 0.3923024060847778,
  "by_topic": {
    "biochem": {
      "n": 3,
      "recall": 0.874500319885511,
      "reworded_acc": 1.0,
      "gap": -0.12549968011448895
    },
    "biology": {
      "n": 3,
      "recall": 0.9103223322899853,
      "reworded_acc": 0.6666666666666666,
      "gap": 0.24365566562331864
    },
    "gen-chem": {
      "n": 2,
      "recall": 0.9924227605789755,
      "reworded_acc": 0.75,
      "gap": 0.2424227605789755
    },
    "orgo": {
      "n": 3,
      "recall": 0.9568951850181815,
      "reworded_acc": 0.16666666666666666,
      "gap": 0.7902285183515149
    },
    "physics": {
      "n": 3,
      "recall": 0.9870041702962539,
      "reworded_acc": 1.0,
      "gap": -0.012995829703746095
    },
    "psych": {
      "n": 3,
      "recall": 0.9861461194681844,
      "reworded_acc": 1.0,
      "gap": -0.01385388053181554
    },
    "sociology": {
      "n": 2,
      "recall": 0.9924149061561838,
      "reworded_acc": 0.75,
      "gap": 0.24241490615618377
    }
  }
}